{"cameraMode":{"drawMode":0,"name":"Shaded","section":"Shading Mode"},"sceneLighting":false,"audioPlay":false,"sceneViewState":{"m_AlwaysRefresh":false,"showFog":true,"showSkybox":false,"showFlares":true,"showImageEffects":true,"showParticleSystems":true,"showVisualEffectGraphs":true,"m_FxEnabled":true},"in2DMode":false,"pivot":{"x":545.6280517578125,"y":960.3699951171875,"z":0.8920981884002686},"rotation":{"x":0.1727490872144699,"y":-0.08699917048215866,"z":0.015142964199185372,"w":0.9810500741004944},"size":0.3881358802318573,"orthographic":false}