{"cameraMode":{"drawMode":0,"name":"Shaded","section":"Shading Mode"},"sceneLighting":false,"audioPlay":false,"sceneViewState":{"m_AlwaysRefresh":false,"showFog":true,"showSkybox":false,"showFlares":true,"showImageEffects":true,"showParticleSystems":true,"showVisualEffectGraphs":true,"m_FxEnabled":true},"in2DMode":false,"pivot":{"x":0.0023592785000801088,"y":0.06472571939229965,"z":0.003585636615753174},"rotation":{"x":-0.3137604594230652,"y":0.6478919982910156,"z":-0.3337216079235077,"w":-0.60868901014328},"size":0.49303174018859866,"orthographic":false}