{"cameraMode":{"drawMode":0,"name":"Shaded","section":"Shading Mode"},"sceneLighting":false,"audioPlay":false,"sceneViewState":{"m_AlwaysRefresh":false,"showFog":false,"showSkybox":false,"showFlares":false,"showImageEffects":false,"showParticleSystems":false,"showVisualEffectGraphs":true,"m_FxEnabled":true},"in2DMode":false,"pivot":{"x":-0.00717616081237793,"y":130.87135314941407,"z":-2.948859691619873},"rotation":{"x":-0.027856502681970598,"y":0.9661694169044495,"z":-0.1182718276977539,"w":-0.22749871015548707},"size":0.8660253882408142,"orthographic":false}